,processName,user,datetime,formalIssue,tags,fpthInputs
0,create_model_run_file,R.Woods,2020-06-22 15:30:50,,,C:\engDev\git_mf\ipyrun\examples\notebooks\overheating\appdata\inputs\archive\20200622_1530-RW-inputs-create_model_run_file.json
1,create_model_run_file,R.Woods,2020-06-22 15:52:13,,,C:\engDev\git_mf\ipyrun\examples\notebooks\overheating\appdata\inputs\archive\20200622_1552-RW-inputs-create_model_run_file.json
2,create_model_run_file,R.Woods,2020-06-22 15:52:52,,,C:\engDev\git_mf\ipyrun\examples\notebooks\overheating\appdata\inputs\archive\20200622_1552-RW-inputs-create_model_run_file.json
3,create_model_run_file,R.Woods,2020-06-22 15:53:32,,,C:\engDev\git_mf\ipyrun\examples\notebooks\overheating\appdata\inputs\archive\20200622_1553-RW-inputs-create_model_run_file.json
4,create_model_run_file,R.Woods,2020-06-23 12:59:22,,,C:\engDev\git_mf\ipyrun\examples\notebooks\overheating\appdata\inputs\archive\20200623_1259-RW-inputs-create_model_run_file.json
5,create_model_run_file,R.Woods,2020-06-23 12:59:37,,,C:\engDev\git_mf\ipyrun\examples\notebooks\overheating\appdata\inputs\archive\20200623_1259-RW-inputs-create_model_run_file.json
6,create_model_run_file,R.Woods,2020-06-23 17:10:27,,,C:\engDev\git_mf\ipyrun\examples\notebooks\overheating\appdata\inputs\archive\20200623_1710-RW-inputs-create_model_run_file.json
7,create_model_run_file,R.Woods,2020-06-23 17:13:18,,,C:\engDev\git_mf\ipyrun\examples\notebooks\overheating\appdata\inputs\archive\20200623_1713-RW-inputs-create_model_run_file.json
8,create_model_run_file,R.Woods,2020-06-23 17:13:40,,,C:\engDev\git_mf\ipyrun\examples\notebooks\overheating\appdata\inputs\archive\20200623_1713-RW-inputs-create_model_run_file.json
9,create_model_run_file,R.Woods,2020-06-23 17:13:43,,,C:\engDev\git_mf\ipyrun\examples\notebooks\overheating\appdata\inputs\archive\20200623_1713-RW-inputs-create_model_run_file.json
10,create_model_run_file,R.Woods,2020-06-23 17:20:45,,,C:\engDev\git_mf\ipyrun\examples\notebooks\overheating\appdata\inputs\archive\20200623_1720-RW-inputs-create_model_run_file.json
11,create_model_run_file,R.Woods,2020-06-23 17:26:35,,,C:\engDev\git_mf\ipyrun\examples\notebooks\overheating\appdata\inputs\archive\20200623_1726-RW-inputs-create_model_run_file.json
12,create_model_run_file,R.Woods,2020-06-23 17:26:35,,,C:\engDev\git_mf\ipyrun\examples\notebooks\overheating\appdata\inputs\archive\20200623_1726-RW-inputs-create_model_run_file.json
13,create_model_run_file,R.Woods,2020-06-23 17:27:35,,,C:\engDev\git_mf\ipyrun\examples\notebooks\overheating\appdata\inputs\archive\20200623_1727-RW-inputs-create_model_run_file.json
14,create_model_run_file,R.Woods,2020-06-23 17:28:15,,,C:\engDev\git_mf\ipyrun\examples\notebooks\overheating\appdata\inputs\archive\20200623_1728-RW-inputs-create_model_run_file.json
15,create_model_run_file,R.Woods,2020-06-23 17:30:04,,,C:\engDev\git_mf\ipyrun\examples\notebooks\overheating\appdata\inputs\archive\20200623_1730-RW-inputs-create_model_run_file.json
16,create_model_run_file,R.Woods,2020-06-23 17:30:34,,,C:\engDev\git_mf\ipyrun\examples\notebooks\overheating\appdata\inputs\archive\20200623_1730-RW-inputs-create_model_run_file.json
17,create_model_run_file,R.Woods,2020-06-23 17:30:46,,,C:\engDev\git_mf\ipyrun\examples\notebooks\overheating\appdata\inputs\archive\20200623_1730-RW-inputs-create_model_run_file.json
18,create_model_run_file,R.Woods,2020-06-24 09:33:26,,,C:\engDev\git_mf\ipyrun\examples\notebooks\overheating\appdata\inputs\archive\20200624_0933-RW-inputs-create_model_run_file.json
19,create_model_run_file,R.Woods,2020-06-24 09:34:44,,,C:\engDev\git_mf\ipyrun\examples\notebooks\overheating\appdata\inputs\archive\20200624_0934-RW-inputs-create_model_run_file.json
20,create_model_run_file,R.Woods,2020-06-24 09:34:54,,,C:\engDev\git_mf\ipyrun\examples\notebooks\overheating\appdata\inputs\archive\20200624_0934-RW-inputs-create_model_run_file.json
21,create_model_run_file,R.Woods,2020-06-24 09:36:51,,,C:\engDev\git_mf\ipyrun\examples\notebooks\overheating\appdata\inputs\archive\20200624_0936-RW-inputs-create_model_run_file.json
22,create_model_run_file,R.Woods,2020-06-24 09:37:32,,,C:\engDev\git_mf\ipyrun\examples\notebooks\overheating\appdata\inputs\archive\20200624_0937-RW-inputs-create_model_run_file.json
23,create_model_run_file,R.Woods,2020-06-24 09:38:04,,,C:\engDev\git_mf\ipyrun\examples\notebooks\overheating\appdata\inputs\archive\20200624_0938-RW-inputs-create_model_run_file.json
24,create_model_run_file,R.Woods,2020-06-24 09:39:38,,,C:\engDev\git_mf\ipyrun\examples\notebooks\overheating\appdata\inputs\archive\20200624_0939-RW-inputs-create_model_run_file.json
25,create_model_run_file,R.Woods,2020-06-24 09:40:07,,,C:\engDev\git_mf\ipyrun\examples\notebooks\overheating\appdata\inputs\archive\20200624_0940-RW-inputs-create_model_run_file.json
26,create_model_run_file,R.Woods,2020-06-24 09:40:40,,,C:\engDev\git_mf\ipyrun\examples\notebooks\overheating\appdata\inputs\archive\20200624_0940-RW-inputs-create_model_run_file.json
27,create_model_run_file,R.Woods,2020-06-24 09:40:44,,,C:\engDev\git_mf\ipyrun\examples\notebooks\overheating\appdata\inputs\archive\20200624_0940-RW-inputs-create_model_run_file.json
28,create_model_run_file,R.Woods,2020-06-24 09:41:57,,,C:\engDev\git_mf\ipyrun\examples\notebooks\overheating\appdata\inputs\archive\20200624_0941-RW-inputs-create_model_run_file.json
29,create_model_run_file,R.Woods,2020-06-24 09:42:00,,,C:\engDev\git_mf\ipyrun\examples\notebooks\overheating\appdata\inputs\archive\20200624_0942-RW-inputs-create_model_run_file.json
30,create_model_run_file,R.Woods,2020-06-24 09:43:27,,,C:\engDev\git_mf\ipyrun\examples\notebooks\overheating\appdata\inputs\archive\20200624_0943-RW-inputs-create_model_run_file.json
31,create_model_run_file,R.Woods,2020-06-24 09:43:35,,,C:\engDev\git_mf\ipyrun\examples\notebooks\overheating\appdata\inputs\archive\20200624_0943-RW-inputs-create_model_run_file.json
32,create_model_run_file,R.Woods,2020-06-24 10:04:21,,,C:\engDev\git_mf\ipyrun\examples\notebooks\overheating\appdata\inputs\archive\20200624_1004-RW-inputs-create_model_run_file.json
33,create_model_run_file,R.Woods,2020-06-24 10:05:49,,,C:\engDev\git_mf\ipyrun\examples\notebooks\overheating\appdata\inputs\archive\20200624_1005-RW-inputs-create_model_run_file.json
34,create_model_run_file,R.Woods,2020-06-24 10:05:59,,,C:\engDev\git_mf\ipyrun\examples\notebooks\overheating\appdata\inputs\archive\20200624_1005-RW-inputs-create_model_run_file.json
35,create_model_run_file,R.Woods,2020-06-24 10:06:12,,,C:\engDev\git_mf\ipyrun\examples\notebooks\overheating\appdata\inputs\archive\20200624_1006-RW-inputs-create_model_run_file.json
36,create_model_run_file,R.Woods,2020-06-24 10:07:41,,,C:\engDev\git_mf\ipyrun\examples\notebooks\overheating\appdata\inputs\archive\20200624_1007-RW-inputs-create_model_run_file.json
37,create_model_run_file,R.Woods,2020-06-24 10:08:08,,,C:\engDev\git_mf\ipyrun\examples\notebooks\overheating\appdata\inputs\archive\20200624_1008-RW-inputs-create_model_run_file.json
38,create_model_run_file,R.Woods,2020-06-24 10:09:47,,,C:\engDev\git_mf\ipyrun\examples\notebooks\overheating\appdata\inputs\archive\20200624_1009-RW-inputs-create_model_run_file.json
39,create_model_run_file,R.Woods,2020-06-24 10:10:46,,,C:\engDev\git_mf\ipyrun\examples\notebooks\overheating\appdata\inputs\archive\20200624_1010-RW-inputs-create_model_run_file.json
40,create_model_run_file,R.Woods,2020-06-24 10:11:42,,,C:\engDev\git_mf\ipyrun\examples\notebooks\overheating\appdata\inputs\archive\20200624_1011-RW-inputs-create_model_run_file.json
41,create_model_run_file,R.Woods,2020-06-24 10:12:44,,,C:\engDev\git_mf\ipyrun\examples\notebooks\overheating\appdata\inputs\archive\20200624_1012-RW-inputs-create_model_run_file.json
42,create_model_run_file,R.Woods,2020-06-24 10:14:10,,,C:\engDev\git_mf\ipyrun\examples\notebooks\overheating\appdata\inputs\archive\20200624_1014-RW-inputs-create_model_run_file.json
43,create_model_run_file,R.Woods,2020-06-24 10:15:40,,,C:\engDev\git_mf\ipyrun\examples\notebooks\overheating\appdata\inputs\archive\20200624_1015-RW-inputs-create_model_run_file.json
44,create_model_run_file,R.Woods,2020-06-24 10:15:49,,,C:\engDev\git_mf\ipyrun\examples\notebooks\overheating\appdata\inputs\archive\20200624_1015-RW-inputs-create_model_run_file.json
45,create_model_run_file,R.Woods,2020-06-24 10:17:07,,,C:\engDev\git_mf\ipyrun\examples\notebooks\overheating\appdata\inputs\archive\20200624_1017-RW-inputs-create_model_run_file.json
46,create_model_run_file,R.Woods,2020-06-24 10:17:19,,,C:\engDev\git_mf\ipyrun\examples\notebooks\overheating\appdata\inputs\archive\20200624_1017-RW-inputs-create_model_run_file.json
47,create_model_run_file,R.Woods,2020-06-24 10:18:34,,,C:\engDev\git_mf\ipyrun\examples\notebooks\overheating\appdata\inputs\archive\20200624_1018-RW-inputs-create_model_run_file.json
48,create_model_run_file,R.Woods,2020-06-24 12:21:40,,,C:\engDev\git_mf\ipyrun\examples\notebooks\overheating\appdata\inputs\archive\20200624_1221-RW-inputs-create_model_run_file.json
49,create_model_run_file,R.Woods,2020-06-24 12:22:23,,,C:\engDev\git_mf\ipyrun\examples\notebooks\overheating\appdata\inputs\archive\20200624_1222-RW-inputs-create_model_run_file.json
50,create_model_run_file,R.Woods,2020-06-24 12:22:27,,,C:\engDev\git_mf\ipyrun\examples\notebooks\overheating\appdata\inputs\archive\20200624_1222-RW-inputs-create_model_run_file.json
51,create_model_run_file,R.Woods,2020-06-24 13:16:40,,,C:\engDev\git_mf\ipyrun\examples\notebooks\overheating\appdata\inputs\archive\20200624_1316-RW-inputs-create_model_run_file.json
52,create_model_run_file,R.Woods,2020-06-24 13:17:19,,,C:\engDev\git_mf\ipyrun\examples\notebooks\overheating\appdata\inputs\archive\20200624_1317-RW-inputs-create_model_run_file.json
53,create_model_run_file,R.Woods,2020-06-24 13:18:36,,,C:\engDev\git_mf\ipyrun\examples\notebooks\overheating\appdata\inputs\archive\20200624_1318-RW-inputs-create_model_run_file.json
54,create_model_run_file,R.Woods,2020-06-24 14:40:21,,,C:\engDev\git_mf\ipyrun\examples\notebooks\overheating\appdata\inputs\archive\20200624_1440-RW-inputs-create_model_run_file.json
55,create_model_run_file,R.Woods,2020-06-24 14:40:43,,,C:\engDev\git_mf\ipyrun\examples\notebooks\overheating\appdata\inputs\archive\20200624_1440-RW-inputs-create_model_run_file.json
56,create_model_run_file,R.Woods,2020-06-24 14:43:05,,,C:\engDev\git_mf\ipyrun\examples\notebooks\overheating\appdata\inputs\archive\20200624_1443-RW-inputs-create_model_run_file.json
57,create_model_run_file,R.Woods,2020-06-24 14:44:10,,,C:\engDev\git_mf\ipyrun\examples\notebooks\overheating\appdata\inputs\archive\20200624_1444-RW-inputs-create_model_run_file.json
58,create_model_run_file,R.Woods,2020-06-24 14:44:43,,,C:\engDev\git_mf\ipyrun\examples\notebooks\overheating\appdata\inputs\archive\20200624_1444-RW-inputs-create_model_run_file.json
59,create_model_run_file,R.Woods,2020-06-24 14:45:00,,,C:\engDev\git_mf\ipyrun\examples\notebooks\overheating\appdata\inputs\archive\20200624_1444-RW-inputs-create_model_run_file.json
60,create_model_run_file,R.Woods,2020-06-25 09:06:11,,,C:\engDev\git_mf\ipyrun\examples\notebooks\overheating\appdata\inputs\archive\20200625_0906-RW-inputs-create_model_run_file.json
61,create_model_run_file,R.Woods,2020-06-25 09:08:27,,,C:\engDev\git_mf\ipyrun\examples\notebooks\overheating\appdata\inputs\archive\20200625_0908-RW-inputs-create_model_run_file.json
62,create_model_run_file,R.Woods,2020-06-25 09:08:39,,,C:\engDev\git_mf\ipyrun\examples\notebooks\overheating\appdata\inputs\archive\20200625_0908-RW-inputs-create_model_run_file.json
63,create_model_run_file,R.Woods,2020-06-25 09:09:28,,,C:\engDev\git_mf\ipyrun\examples\notebooks\overheating\appdata\inputs\archive\20200625_0909-RW-inputs-create_model_run_file.json
64,create_model_run_file,R.Woods,2020-06-25 09:10:17,,,C:\engDev\git_mf\ipyrun\examples\notebooks\overheating\appdata\inputs\archive\20200625_0910-RW-inputs-create_model_run_file.json
65,create_model_run_file,R.Woods,2020-06-25 09:11:51,,,C:\engDev\git_mf\ipyrun\examples\notebooks\overheating\appdata\inputs\archive\20200625_0911-RW-inputs-create_model_run_file.json
66,create_model_run_file,R.Woods,2020-06-25 09:12:26,,,C:\engDev\git_mf\ipyrun\examples\notebooks\overheating\appdata\inputs\archive\20200625_0912-RW-inputs-create_model_run_file.json
67,create_model_run_file,R.Woods,2020-06-25 09:13:13,,,C:\engDev\git_mf\ipyrun\examples\notebooks\overheating\appdata\inputs\archive\20200625_0913-RW-inputs-create_model_run_file.json
68,create_model_run_file,R.Woods,2020-06-25 09:13:52,,,C:\engDev\git_mf\ipyrun\examples\notebooks\overheating\appdata\inputs\archive\20200625_0913-RW-inputs-create_model_run_file.json
69,create_model_run_file,R.Woods,2020-06-25 09:13:55,,,C:\engDev\git_mf\ipyrun\examples\notebooks\overheating\appdata\inputs\archive\20200625_0913-RW-inputs-create_model_run_file.json
70,create_model_run_file,R.Woods,2020-06-25 09:14:04,,,C:\engDev\git_mf\ipyrun\examples\notebooks\overheating\appdata\inputs\archive\20200625_0914-RW-inputs-create_model_run_file.json
71,create_model_run_file,R.Woods,2020-06-25 09:15:25,,,C:\engDev\git_mf\ipyrun\examples\notebooks\overheating\appdata\inputs\archive\20200625_0915-RW-inputs-create_model_run_file.json
72,create_model_run_file,R.Woods,2020-06-25 09:15:40,,,C:\engDev\git_mf\ipyrun\examples\notebooks\overheating\appdata\inputs\archive\20200625_0915-RW-inputs-create_model_run_file.json
73,create_model_run_file,R.Woods,2020-06-25 09:16:29,,,C:\engDev\git_mf\ipyrun\examples\notebooks\overheating\appdata\inputs\archive\20200625_0916-RW-inputs-create_model_run_file.json
74,create_model_run_file,R.Woods,2020-06-25 09:17:00,,,C:\engDev\git_mf\ipyrun\examples\notebooks\overheating\appdata\inputs\archive\20200625_0917-RW-inputs-create_model_run_file.json
75,create_model_run_file,R.Woods,2020-06-25 09:17:23,,,C:\engDev\git_mf\ipyrun\examples\notebooks\overheating\appdata\inputs\archive\20200625_0917-RW-inputs-create_model_run_file.json
76,create_model_run_file,R.Woods,2020-06-25 09:17:26,,,C:\engDev\git_mf\ipyrun\examples\notebooks\overheating\appdata\inputs\archive\20200625_0917-RW-inputs-create_model_run_file.json
77,create_model_run_file,R.Woods,2020-06-25 09:21:13,,,C:\engDev\git_mf\ipyrun\examples\notebooks\overheating\appdata\inputs\archive\20200625_0921-RW-inputs-create_model_run_file.json
78,create_model_run_file,R.Woods,2020-06-25 09:22:46,,,C:\engDev\git_mf\ipyrun\examples\notebooks\overheating\appdata\inputs\archive\20200625_0922-RW-inputs-create_model_run_file.json
79,create_model_run_file,R.Woods,2020-06-25 09:23:05,,,C:\engDev\git_mf\ipyrun\examples\notebooks\overheating\appdata\inputs\archive\20200625_0923-RW-inputs-create_model_run_file.json
80,create_model_run_file,R.Woods,2020-06-25 09:23:23,,,C:\engDev\git_mf\ipyrun\examples\notebooks\overheating\appdata\inputs\archive\20200625_0923-RW-inputs-create_model_run_file.json
81,create_model_run_file,R.Woods,2020-06-25 09:25:28,,,C:\engDev\git_mf\ipyrun\examples\notebooks\overheating\appdata\inputs\archive\20200625_0925-RW-inputs-create_model_run_file.json
82,create_model_run_file,R.Woods,2020-06-25 09:25:54,,,C:\engDev\git_mf\ipyrun\examples\notebooks\overheating\appdata\inputs\archive\20200625_0925-RW-inputs-create_model_run_file.json
83,create_model_run_file,R.Woods,2020-06-25 09:26:11,,,C:\engDev\git_mf\ipyrun\examples\notebooks\overheating\appdata\inputs\archive\20200625_0926-RW-inputs-create_model_run_file.json
84,create_model_run_file,R.Woods,2020-06-25 09:27:50,,,C:\engDev\git_mf\ipyrun\examples\notebooks\overheating\appdata\inputs\archive\20200625_0927-RW-inputs-create_model_run_file.json
85,create_model_run_file,R.Woods,2020-06-25 09:27:55,,,C:\engDev\git_mf\ipyrun\examples\notebooks\overheating\appdata\inputs\archive\20200625_0927-RW-inputs-create_model_run_file.json
86,create_model_run_file,R.Woods,2020-06-25 09:36:58,,,C:\engDev\git_mf\ipyrun\examples\notebooks\overheating\appdata\inputs\archive\20200625_0936-RW-inputs-create_model_run_file.json
87,create_model_run_file,R.Woods,2020-06-25 09:37:16,,,C:\engDev\git_mf\ipyrun\examples\notebooks\overheating\appdata\inputs\archive\20200625_0937-RW-inputs-create_model_run_file.json
88,create_model_run_file,R.Woods,2020-06-25 09:38:52,,,C:\engDev\git_mf\ipyrun\examples\notebooks\overheating\appdata\inputs\archive\20200625_0938-RW-inputs-create_model_run_file.json
89,create_model_run_file,R.Woods,2020-06-25 09:39:14,,,C:\engDev\git_mf\ipyrun\examples\notebooks\overheating\appdata\inputs\archive\20200625_0939-RW-inputs-create_model_run_file.json
90,create_model_run_file,R.Woods,2020-06-25 09:39:47,,,C:\engDev\git_mf\ipyrun\examples\notebooks\overheating\appdata\inputs\archive\20200625_0939-RW-inputs-create_model_run_file.json
91,create_model_run_file,R.Woods,2020-06-25 09:40:11,,,C:\engDev\git_mf\ipyrun\examples\notebooks\overheating\appdata\inputs\archive\20200625_0940-RW-inputs-create_model_run_file.json
92,create_model_run_file,R.Woods,2020-06-25 09:40:31,,,C:\engDev\git_mf\ipyrun\examples\notebooks\overheating\appdata\inputs\archive\20200625_0940-RW-inputs-create_model_run_file.json
93,create_model_run_file,R.Woods,2020-06-25 09:41:38,,,C:\engDev\git_mf\ipyrun\examples\notebooks\overheating\appdata\inputs\archive\20200625_0941-RW-inputs-create_model_run_file.json
94,create_model_run_file,R.Woods,2020-06-25 09:41:46,,,C:\engDev\git_mf\ipyrun\examples\notebooks\overheating\appdata\inputs\archive\20200625_0941-RW-inputs-create_model_run_file.json
95,create_model_run_file,R.Woods,2020-06-25 09:42:58,,,C:\engDev\git_mf\ipyrun\examples\notebooks\overheating\appdata\inputs\archive\20200625_0942-RW-inputs-create_model_run_file.json
96,create_model_run_file,R.Woods,2020-06-25 09:44:54,,,C:\engDev\git_mf\ipyrun\examples\notebooks\overheating\appdata\inputs\archive\20200625_0944-RW-inputs-create_model_run_file.json
97,create_model_run_file,R.Woods,2020-06-25 09:45:10,,,C:\engDev\git_mf\ipyrun\examples\notebooks\overheating\appdata\inputs\archive\20200625_0945-RW-inputs-create_model_run_file.json
98,create_model_run_file,R.Woods,2020-06-25 09:45:45,,,C:\engDev\git_mf\ipyrun\examples\notebooks\overheating\appdata\inputs\archive\20200625_0945-RW-inputs-create_model_run_file.json
99,create_model_run_file,R.Woods,2020-06-25 09:46:10,,,C:\engDev\git_mf\ipyrun\examples\notebooks\overheating\appdata\inputs\archive\20200625_0946-RW-inputs-create_model_run_file.json
100,create_model_run_file,R.Woods,2020-06-25 09:46:56,,,C:\engDev\git_mf\ipyrun\examples\notebooks\overheating\appdata\inputs\archive\20200625_0946-RW-inputs-create_model_run_file.json
101,create_model_run_file,R.Woods,2020-06-25 09:47:32,,,C:\engDev\git_mf\ipyrun\examples\notebooks\overheating\appdata\inputs\archive\20200625_0947-RW-inputs-create_model_run_file.json
102,create_model_run_file,R.Woods,2020-06-25 09:48:26,,,C:\engDev\git_mf\ipyrun\examples\notebooks\overheating\appdata\inputs\archive\20200625_0948-RW-inputs-create_model_run_file.json
103,create_model_run_file,R.Woods,2020-06-25 09:48:52,,,C:\engDev\git_mf\ipyrun\examples\notebooks\overheating\appdata\inputs\archive\20200625_0948-RW-inputs-create_model_run_file.json
104,create_model_run_file,R.Woods,2020-06-25 09:49:39,,,C:\engDev\git_mf\ipyrun\examples\notebooks\overheating\appdata\inputs\archive\20200625_0949-RW-inputs-create_model_run_file.json
105,create_model_run_file,R.Woods,2020-06-25 09:49:53,,,C:\engDev\git_mf\ipyrun\examples\notebooks\overheating\appdata\inputs\archive\20200625_0949-RW-inputs-create_model_run_file.json
106,create_model_run_file,R.Woods,2020-06-25 09:50:46,,,C:\engDev\git_mf\ipyrun\examples\notebooks\overheating\appdata\inputs\archive\20200625_0950-RW-inputs-create_model_run_file.json
107,create_model_run_file,R.Woods,2020-06-25 09:59:17,,,C:\engDev\git_mf\ipyrun\examples\notebooks\overheating\appdata\inputs\archive\20200625_0959-RW-inputs-create_model_run_file.json
108,create_model_run_file,R.Woods,2020-06-25 09:59:31,,,C:\engDev\git_mf\ipyrun\examples\notebooks\overheating\appdata\inputs\archive\20200625_0959-RW-inputs-create_model_run_file.json
109,create_model_run_file,R.Woods,2020-06-25 09:59:45,,,C:\engDev\git_mf\ipyrun\examples\notebooks\overheating\appdata\inputs\archive\20200625_0959-RW-inputs-create_model_run_file.json
110,create_model_run_file,R.Woods,2020-06-25 09:59:58,,,C:\engDev\git_mf\ipyrun\examples\notebooks\overheating\appdata\inputs\archive\20200625_0959-RW-inputs-create_model_run_file.json
111,create_model_run_file,R.Woods,2020-06-25 10:00:29,,,C:\engDev\git_mf\ipyrun\examples\notebooks\overheating\appdata\inputs\archive\20200625_1000-RW-inputs-create_model_run_file.json
112,create_model_run_file,R.Woods,2020-06-25 10:00:38,,,C:\engDev\git_mf\ipyrun\examples\notebooks\overheating\appdata\inputs\archive\20200625_1000-RW-inputs-create_model_run_file.json
113,create_model_run_file,R.Woods,2020-06-25 10:00:55,,,C:\engDev\git_mf\ipyrun\examples\notebooks\overheating\appdata\inputs\archive\20200625_1000-RW-inputs-create_model_run_file.json
114,create_model_run_file,R.Woods,2020-06-25 10:01:48,,,C:\engDev\git_mf\ipyrun\examples\notebooks\overheating\appdata\inputs\archive\20200625_1001-RW-inputs-create_model_run_file.json
115,create_model_run_file,R.Woods,2020-06-25 10:02:27,,,C:\engDev\git_mf\ipyrun\examples\notebooks\overheating\appdata\inputs\archive\20200625_1002-RW-inputs-create_model_run_file.json
116,create_model_run_file,R.Woods,2020-06-25 10:02:33,,,C:\engDev\git_mf\ipyrun\examples\notebooks\overheating\appdata\inputs\archive\20200625_1002-RW-inputs-create_model_run_file.json
117,create_model_run_file,R.Woods,2020-06-25 10:03:59,,,C:\engDev\git_mf\ipyrun\examples\notebooks\overheating\appdata\inputs\archive\20200625_1003-RW-inputs-create_model_run_file.json
118,create_model_run_file,R.Woods,2020-06-25 10:04:48,,,C:\engDev\git_mf\ipyrun\examples\notebooks\overheating\appdata\inputs\archive\20200625_1004-RW-inputs-create_model_run_file.json
119,create_model_run_file,R.Woods,2020-06-25 10:04:54,,,C:\engDev\git_mf\ipyrun\examples\notebooks\overheating\appdata\inputs\archive\20200625_1004-RW-inputs-create_model_run_file.json
120,create_model_run_file,R.Woods,2020-06-25 10:08:43,,,C:\engDev\git_mf\ipyrun\examples\notebooks\overheating\appdata\inputs\archive\20200625_1008-RW-inputs-create_model_run_file.json
121,create_model_run_file,R.Woods,2020-06-25 10:09:07,,,C:\engDev\git_mf\ipyrun\examples\notebooks\overheating\appdata\inputs\archive\20200625_1009-RW-inputs-create_model_run_file.json
122,create_model_run_file,R.Woods,2020-06-25 10:09:38,,,C:\engDev\git_mf\ipyrun\examples\notebooks\overheating\appdata\inputs\archive\20200625_1009-RW-inputs-create_model_run_file.json
123,create_model_run_file,R.Woods,2020-06-25 10:09:45,,,C:\engDev\git_mf\ipyrun\examples\notebooks\overheating\appdata\inputs\archive\20200625_1009-RW-inputs-create_model_run_file.json
124,create_model_run_file,R.Woods,2020-06-25 10:09:56,,,C:\engDev\git_mf\ipyrun\examples\notebooks\overheating\appdata\inputs\archive\20200625_1009-RW-inputs-create_model_run_file.json
125,create_model_run_file,R.Woods,2020-06-25 10:10:14,,,C:\engDev\git_mf\ipyrun\examples\notebooks\overheating\appdata\inputs\archive\20200625_1010-RW-inputs-create_model_run_file.json
126,create_model_run_file,R.Woods,2020-06-25 10:13:15,,,C:\engDev\git_mf\ipyrun\examples\notebooks\overheating\appdata\inputs\archive\20200625_1013-RW-inputs-create_model_run_file.json
127,create_model_run_file,R.Woods,2020-06-25 10:13:57,,,C:\engDev\git_mf\ipyrun\examples\notebooks\overheating\appdata\inputs\archive\20200625_1013-RW-inputs-create_model_run_file.json
128,create_model_run_file,R.Woods,2020-06-25 10:14:03,,,C:\engDev\git_mf\ipyrun\examples\notebooks\overheating\appdata\inputs\archive\20200625_1014-RW-inputs-create_model_run_file.json
129,create_model_run_file,R.Woods,2020-06-25 10:14:07,,,C:\engDev\git_mf\ipyrun\examples\notebooks\overheating\appdata\inputs\archive\20200625_1014-RW-inputs-create_model_run_file.json
130,create_model_run_file,R.Woods,2020-06-25 10:20:56,,,C:\engDev\git_mf\ipyrun\examples\notebooks\overheating\appdata\inputs\archive\20200625_1020-RW-inputs-create_model_run_file.json
131,create_model_run_file,R.Woods,2020-06-25 10:21:13,,,C:\engDev\git_mf\ipyrun\examples\notebooks\overheating\appdata\inputs\archive\20200625_1021-RW-inputs-create_model_run_file.json
132,create_model_run_file,R.Woods,2020-06-25 10:21:41,,,C:\engDev\git_mf\ipyrun\examples\notebooks\overheating\appdata\inputs\archive\20200625_1021-RW-inputs-create_model_run_file.json
133,create_model_run_file,R.Woods,2020-06-25 10:29:04,,,C:\engDev\git_mf\ipyrun\examples\notebooks\overheating\appdata\inputs\archive\20200625_1029-RW-inputs-create_model_run_file.json
134,create_model_run_file,R.Woods,2020-06-25 10:29:41,,,C:\engDev\git_mf\ipyrun\examples\notebooks\overheating\appdata\inputs\archive\20200625_1029-RW-inputs-create_model_run_file.json
135,create_model_run_file,R.Woods,2020-06-25 10:29:56,,,C:\engDev\git_mf\ipyrun\examples\notebooks\overheating\appdata\inputs\archive\20200625_1029-RW-inputs-create_model_run_file.json
136,create_model_run_file,R.Woods,2020-06-25 10:30:55,,,C:\engDev\git_mf\ipyrun\examples\notebooks\overheating\appdata\inputs\archive\20200625_1030-RW-inputs-create_model_run_file.json
137,create_model_run_file,R.Woods,2020-06-25 10:31:14,,,C:\engDev\git_mf\ipyrun\examples\notebooks\overheating\appdata\inputs\archive\20200625_1031-RW-inputs-create_model_run_file.json
138,create_model_run_file,R.Woods,2020-06-25 10:32:33,,,C:\engDev\git_mf\ipyrun\examples\notebooks\overheating\appdata\inputs\archive\20200625_1032-RW-inputs-create_model_run_file.json
139,create_model_run_file,R.Woods,2020-06-25 10:33:03,,,C:\engDev\git_mf\ipyrun\examples\notebooks\overheating\appdata\inputs\archive\20200625_1033-RW-inputs-create_model_run_file.json
140,create_model_run_file,R.Woods,2020-06-25 10:35:01,,,C:\engDev\git_mf\ipyrun\examples\notebooks\overheating\appdata\inputs\archive\20200625_1035-RW-inputs-create_model_run_file.json
141,create_model_run_file,R.Woods,2020-06-25 10:35:26,,,C:\engDev\git_mf\ipyrun\examples\notebooks\overheating\appdata\inputs\archive\20200625_1035-RW-inputs-create_model_run_file.json
142,create_model_run_file,R.Woods,2020-06-29 14:48:27,,,C:\engDev\git_mf\ipyrun\examples\notebooks\overheating\appdata\inputs\archive\20200629_1448-RW-inputs-create_model_run_file.json
143,create_model_run_file,R.Woods,2020-06-30 12:10:58,,,C:\engDev\git_mf\ipyrun\examples\notebooks\overheating\appdata\inputs\archive\20200630_1210-RW-inputs-create_model_run_file.json
144,create_model_run_file,R.Woods,2020-06-30 12:15:53,,,C:\engDev\git_mf\ipyrun\examples\notebooks\overheating\appdata\inputs\archive\20200630_1215-RW-inputs-create_model_run_file.json
145,create_model_run_file,R.Woods,2020-06-30 12:16:26,,,C:\engDev\git_mf\ipyrun\examples\notebooks\overheating\appdata\inputs\archive\20200630_1216-RW-inputs-create_model_run_file.json
146,create_model_run_file,R.Woods,2020-06-30 12:16:35,,,C:\engDev\git_mf\ipyrun\examples\notebooks\overheating\appdata\inputs\archive\20200630_1216-RW-inputs-create_model_run_file.json
147,create_model_run_file,R.Woods,2020-06-30 12:16:51,,,C:\engDev\git_mf\ipyrun\examples\notebooks\overheating\appdata\inputs\archive\20200630_1216-RW-inputs-create_model_run_file.json
148,create_model_run_file,R.Woods,2020-06-30 12:17:31,,,C:\engDev\git_mf\ipyrun\examples\notebooks\overheating\appdata\inputs\archive\20200630_1217-RW-inputs-create_model_run_file.json
149,create_model_run_file,R.Woods,2020-06-30 12:19:44,,,C:\engDev\git_mf\ipyrun\examples\notebooks\overheating\appdata\inputs\archive\20200630_1219-RW-inputs-create_model_run_file.json
150,create_model_run_file,R.Woods,2020-06-30 13:57:58,,,C:\engDev\git_mf\ipyrun\examples\notebooks\overheating\appdata\inputs\archive\20200630_1357-RW-inputs-create_model_run_file.json
151,create_model_run_file,R.Woods,2020-07-02 12:37:01,,,C:\engDev\git_mf\ipyrun\examples\notebooks\overheating\appdata\inputs\archive\20200702_1237-RW-inputs-create_model_run_file.json
